{
	"name": "Schulklasse B",
  "date": "2020-11-17T16:30:00",
  "folderName": "exampleTour2",
	"areas": [
		{
			"name": "Werk 1",
			"stations": [
				{
					"name": "Maschine 1",
					"media": [
						{
							"type": "image",
							"path": "image1.jpg"
						},
						{
							"type": "image",
							"path": "standortchina.jpg"
						}
					]
				}, {
					"name": "Maschine 2",
					"media": [
						{
							"type": "text",
							"text": "Hirschmann Maschine Beschreibungstext Beispiel"
						}
					]
				}
			]
		}
	]
}
