{
"name": "Schulklasse A",
  "date": "2019-11-17T17:30:00",
  "folderName": "exampleTour1",
	"areas": [
		{
			"name": "Werk 1",
			"stations": [
				{
					"name": "Maschine 1",
					"media": [
						{
							"type": "image",
							"path": "image1.jpg"
						}
					]
				}, {
					"name": "Maschine 2",
					"media": [
						{
							"type": "text",
							"text": "EasyConn 28 mm BESONDERS KOMPAKTE BAUFORM MIT INDIVIDUELL EINSETZBAREM KONTAKTSYSTEM Das patentierte Automotive Steckergehäuse EasyConn zeichnet sich durch eine komfortable und gleichzeitig sichere Rastfunktion sowie ihre verschiedenfarbige und mechanische Kodierung aus. Die Gehäusefamilie ist kompakt und in 2- bis 14-poliger Ausführung verfügbar. Auch hohe thermische Belastungen stellen für EasyConn kein Problem dar. Verschiedenste Kontaktsysteme sind einsetzbar (MCP 2.8 mm, CTS 2.8 mm, MAK 2.8 mm)."
						}
					]
				}
			]
		}
	]
}
